vozidlo_id;vozidlo;kategoria_kod;kategoria;plan_mesacne
akovqisl;Ťahač 01 (príklad);nafta;Nafta;4402.2
akovqisl;Ťahač 01 (príklad);adblue;AdBlue;74.25
akovqisl;Ťahač 01 (príklad);pneu;Pneumatiky;352
akovqisl;Ťahač 01 (príklad);servis;Servis a opravy;495
akovqisl;Ťahač 01 (príklad);leasing;Leasing a splátky;2100
akovqisl;Ťahač 01 (príklad);poistenie;Poistenie;420
akovqisl;Ťahač 01 (príklad);mzdy;Mzdy a odvody;2300
akovqisl;Ťahač 01 (príklad);diety;Diéty a cestovné;1155
akovqisl;Ťahač 01 (príklad);dane;Dane, známky, STK;79.1667
akovqisl;Ťahač 01 (príklad);rezia;Réžia;450
akovqisl;Ťahač 01 (príklad);ine;Ostatné;150
